,r,C,T,n,fold,mse,evs
0,2,2,16,16,0,0.1164427000351116,0.5369367594014832
0,2,2,16,16,1,1.2420287283285016,-0.6202946800847797
0,2,2,16,16,2,0.8226578919908955,-1.1241860037007203
0,2,2,16,16,3,0.5791534532620314,-0.6729024000969233
0,2,2,16,16,4,0.1470520597319493,0.3904133591085017
0,2,2,16,32,0,0.6391000449390102,-1.2288629774407815
0,2,2,16,32,1,0.3020801657039108,0.4672581717342364
0,2,2,16,32,2,0.3011410617423217,-0.265644338580757
0,2,2,16,32,3,0.6608654272561152,-1.4597283156367715
0,2,2,16,32,4,0.585518064367126,0.0931622711560232
0,2,2,16,64,0,0.681207202339845,0.0
0,2,2,16,64,1,0.334636453598596,-0.0378693226826485
0,2,2,16,64,2,0.5120631041829653,-0.2182022218718724
0,2,2,16,64,3,0.4649380050323753,0.1622330597726989
0,2,2,16,64,4,0.2214016968304943,0.4499462204119419
0,2,2,16,128,0,0.4404456646432441,-0.5680241061040463
0,2,2,16,128,1,0.2817843814955031,-0.1271310481212064
0,2,2,16,128,2,0.2708639433070237,-1.4762610481607013
0,2,2,16,128,3,0.9387381461832836,-2.0308541250982146
0,2,2,16,128,4,0.3058265446930931,-0.9456349575205024
0,2,2,16,256,0,0.3475556771575794,-0.6128149209652707
0,2,2,16,256,1,0.1614618427484858,0.5184708765358998
0,2,2,16,256,2,0.7656981453135037,-1.5879786932210296
0,2,2,16,256,3,0.5991093638481548,-0.6200623125924674
0,2,2,16,256,4,0.1524868273276914,0.3989923876926485
0,2,2,16,512,0,0.4437955248923975,-0.1795798546340608
0,2,2,16,512,1,0.196380621221447,-0.0195355989553094
0,2,2,16,512,2,0.4398510011874306,-0.7593904008376504
0,2,2,16,512,3,0.4540662046884517,-0.1201389189220321
0,2,2,16,512,4,0.382003234833776,-0.4241968842370063
0,2,2,16,1024,0,0.4269420118729867,-0.0705841234604529
0,2,2,16,1024,1,0.6583546927621466,-1.3935851950373128
0,2,2,16,1024,2,0.1412407814630472,0.4028238345645513
0,2,2,16,1024,3,0.5447033107677511,-1.2908547119094729
0,2,2,16,1024,4,0.3839817750039733,-0.1949860179802796
0,2,2,16,2048,0,0.5043097322543202,-1.184526600227239
0,2,2,16,2048,1,0.3144280067056172,0.1641466617646727
0,2,2,16,2048,2,0.2423982192501325,0.1083159575726736
0,2,2,16,2048,3,0.9252257995095908,-1.5757841361718317
0,2,2,16,2048,4,0.7135881359623513,0.0528275808158347
0,2,2,32,16,0,0.3680639714064521,-0.3095740117820567
0,2,2,32,16,1,0.5771265928549312,-0.4089977835343266
0,2,2,32,16,2,0.3318034602205343,-0.2305054746237984
0,2,2,32,16,3,0.4038734232993374,-0.5269974069154246
0,2,2,32,16,4,0.2591638434014532,0.1418730572187551
0,2,2,32,32,0,0.6005434880777405,-0.6593998592903365
0,2,2,32,32,1,0.2316586139910122,0.1906103657198112
0,2,2,32,32,2,0.3456143282631476,-0.2131978586930905
0,2,2,32,32,3,0.7150927985923482,-1.1392134111705792
0,2,2,32,32,4,0.5312271278750688,-0.432486939111611
0,2,2,32,64,0,0.2382037134180198,0.172080354098649
0,2,2,32,64,1,0.4043039233267735,-0.626629663391232
0,2,2,32,64,2,0.4440913765131227,-0.6080563748412493
0,2,2,32,64,3,0.209942798082547,0.2881197523903299
0,2,2,32,64,4,0.4268372818013208,-0.239793961056038
0,2,2,32,128,0,0.2285312564859454,-0.0627594161488815
0,2,2,32,128,1,0.5229412279485817,-0.1113229023525719
0,2,2,32,128,2,0.4846581235361039,-1.0893372291023469
0,2,2,32,128,3,0.3874791766843755,0.2522558725555454
0,2,2,32,128,4,0.3341949663184096,-0.1051850530773874
0,2,2,32,256,0,0.2158643176006281,0.1235867646429184
0,2,2,32,256,1,0.149384961205384,0.3850229764254548
0,2,2,32,256,2,0.7915595816181172,-0.465599651698741
0,2,2,32,256,3,0.5097278379469454,0.0503544388779408
0,2,2,32,256,4,0.7261298153778687,-1.432049465081796
0,2,2,32,512,0,0.5541994924172422,-0.5639435667335455
0,2,2,32,512,1,0.2968299915730902,0.0764917109485587
0,2,2,32,512,2,0.1841394326471753,0.4710336682215666
0,2,2,32,512,3,0.3059663513607661,-0.2063169750038984
0,2,2,32,512,4,0.3629242364109007,-0.42863521401089
0,2,2,32,1024,0,0.3541135680401881,0.0076536924434618
0,2,2,32,1024,1,0.2827357679964141,-0.1226907246791404
0,2,2,32,1024,2,0.241111342126943,0.1052897774762084
0,2,2,32,1024,3,0.1945101017959602,0.2109563070465958
0,2,2,32,1024,4,0.2332788395562373,0.1487627223587072
0,2,2,32,2048,0,0.2941873119607761,-0.2435777981064373
0,2,2,32,2048,1,0.2894050074441873,-0.3241197457204565
0,2,2,32,2048,2,0.357779049200586,-0.6304623628093053
0,2,2,32,2048,3,0.3565377602493255,-0.2834103268762811
0,2,2,32,2048,4,0.2325152485808981,-0.0458821023272721
0,2,2,64,16,0,0.2646959318571047,-0.0136291169770648
0,2,2,64,16,1,0.2159166537767211,0.2663582740600707
0,2,2,64,16,2,0.2954427227097629,-0.0660631651204002
0,2,2,64,16,3,0.2483829260815507,0.2052556960476538
0,2,2,64,16,4,0.3508559313141237,-0.3734222279417911
0,2,2,64,32,0,0.2529781797724438,0.0930090738868794
0,2,2,64,32,1,0.3248762853008866,-0.0797348233838353
0,2,2,64,32,2,0.2544686598680492,0.1438429627933661
0,2,2,64,32,3,0.3117663714800694,-0.0304676582578704
0,2,2,64,32,4,0.3131858699876462,-0.195111139852409
0,2,2,64,64,0,0.2683417017621153,0.2980796942442475
0,2,2,64,64,1,0.2812504518921849,-0.1022802831535272
0,2,2,64,64,2,0.1637317413417972,0.3571339370254097
0,2,2,64,64,3,0.3721124602967183,-0.508500272614385
0,2,2,64,64,4,0.3566110961269577,-0.2825260635409383
0,2,2,64,128,0,0.255070595002597,-0.0115108368041654
0,2,2,64,128,1,0.2758009353625449,-0.0201206581729622
0,2,2,64,128,2,0.2976318638819578,-0.0793570352242234
0,2,2,64,128,3,0.3660103624206924,0.0026178215263845
0,2,2,64,128,4,0.2761819579139251,0.0394291479687205
0,2,2,64,256,0,0.4572804913132745,0.025185065216268
0,2,2,64,256,1,0.2658507761394466,-0.0654370922558598
0,2,2,64,256,2,0.2274785389180194,0.2902630165378829
0,2,2,64,256,3,0.2522581696531414,-0.084761389379619
0,2,2,64,256,4,0.241256704286809,0.0399221985848237
0,2,2,64,512,0,0.3905177364983511,-0.1544621736159941
0,2,2,64,512,1,0.2066468783707567,0.2312171444803895
0,2,2,64,512,2,0.1488879229639548,0.4603218182864177
0,2,2,64,512,3,0.1757394640989987,0.3002253303109994
0,2,2,64,512,4,0.2853325350374224,0.0827203292692775
0,2,2,64,1024,0,0.2297278532666737,0.0732858910794224
0,2,2,64,1024,1,0.2247956449992949,0.143686202483357
0,2,2,64,1024,2,0.2190494018435427,0.1288573985445639
0,2,2,64,1024,3,0.2953368202181161,-0.1191823615469118
0,2,2,64,1024,4,0.2211179449625233,0.3751426449046769
0,2,2,64,2048,0,0.2628684361520227,0.0497236982153463
0,2,2,64,2048,1,0.1989016039794139,0.0787072295374904
0,2,2,64,2048,2,0.201512502144417,0.1295518091191497
0,2,2,64,2048,3,0.2072020222062154,0.1731791856439468
0,2,2,64,2048,4,0.1833526729518857,0.3420149320801049
0,2,2,128,16,0,0.2846792679326367,-0.1409966523485777
0,2,2,128,16,1,0.2792564936036308,-0.0261447817852633
0,2,2,128,16,2,0.2569166469137941,-0.0168683975995902
0,2,2,128,16,3,0.2429121517669986,-0.0044447755372702
0,2,2,128,16,4,0.2202488334396631,0.1230825976256081
0,2,2,128,32,0,0.1966985012185976,0.3341451218941087
0,2,2,128,32,1,0.2129862504284967,0.1491797750193361
0,2,2,128,32,2,0.2166519103581628,0.1698461898770485
0,2,2,128,32,3,0.2588579244300181,-0.0184325961447975
0,2,2,128,32,4,0.262769829637415,-0.0437522931255192
0,2,2,128,64,0,0.2239003316421384,0.1309438704716645
0,2,2,128,64,1,0.2743589940337921,0.0016686846003162
0,2,2,128,64,2,0.3318490683691094,-0.3432105785637669
0,2,2,128,64,3,0.3051536359443868,-0.2080775474719085
0,2,2,128,64,4,0.1819781099318348,0.284250318057924
0,2,2,128,128,0,0.2669816456016018,0.0743826311039848
0,2,2,128,128,1,0.2522221122969487,0.0038507910717537
0,2,2,128,128,2,0.1917683013637241,0.2656909101445417
0,2,2,128,128,3,0.197265372435517,0.2081157344991916
0,2,2,128,128,4,0.2261192201863702,0.1229938754433247
0,2,2,128,256,0,0.2259242517638452,0.1513980507564539
0,2,2,128,256,1,0.2212435430521427,0.1769590381442013
0,2,2,128,256,2,0.2990499660565718,-0.1401863444992506
0,2,2,128,256,3,0.1873597071886929,0.2533044703091425
0,2,2,128,256,4,0.3393575309388594,-0.1606712334277871
0,2,2,128,512,0,0.1939436475527753,0.279992839592284
0,2,2,128,512,1,0.2785407964872135,0.0022308017273389
0,2,2,128,512,2,0.2236499419075612,0.0465327217641013
0,2,2,128,512,3,0.2412684151821703,0.0151574028869014
0,2,2,128,512,4,0.2470161101875231,0.0111879359003221
0,2,2,128,1024,0,0.253135758411878,-0.0022595470615875
0,2,2,128,1024,1,0.262925574029055,0.0525144029145716
0,2,2,128,1024,2,0.1967760490835001,0.2494873107624661
0,2,2,128,1024,3,0.2417356891098343,0.1141500399665388
0,2,2,128,1024,4,0.2952727648170541,-0.1738579311399071
0,2,2,128,2048,0,0.2064373284433965,0.2324390867002173
0,2,2,128,2048,1,0.268870080883745,-0.0708716272306571
0,2,2,128,2048,2,0.1805859216244278,0.35693387267068
0,2,2,128,2048,3,0.270419221063317,-0.0390997429561892
0,2,2,128,2048,4,0.2269254227275335,0.1177675332435957
0,2,2,256,16,0,0.1904533500370876,0.2393718531153721
0,2,2,256,16,1,0.2330973251827325,0.0613905919020955
0,2,2,256,16,2,0.2118739341857582,0.1680570544457154
0,2,2,256,16,3,0.2005816295760195,0.2238910067408369
0,2,2,256,16,4,0.2721396252036205,-0.086580578353042
0,2,2,256,32,0,0.233704591114438,0.0642705878143927
0,2,2,256,32,1,0.236599786444073,0.0594808245782524
0,2,2,256,32,2,0.230521253086629,0.0791485678357977
0,2,2,256,32,3,0.2118107304529932,0.1794084465854247
0,2,2,256,32,4,0.2336130890969091,0.0655289184861217
0,2,2,256,64,0,0.2218791216529428,0.1791185512930271
0,2,2,256,64,1,0.2423390566743908,0.0324690620175656
0,2,2,256,64,2,0.2250759668527036,0.101960691139275
0,2,2,256,64,3,0.2403136422836618,0.0539882675868017
0,2,2,256,64,4,0.2011029913484934,0.195849320378422
0,2,2,256,128,0,0.2041752599520888,0.1831585085226668
0,2,2,256,128,1,0.2232195028943266,0.136691265290902
0,2,2,256,128,2,0.2076913033234149,0.1674197837398618
0,2,2,256,128,3,0.236559621721922,0.0931515224757892
0,2,2,256,128,4,0.2091739860989759,0.1675911289096359
0,2,2,256,256,0,0.2064651098987679,0.1906876422162606
0,2,2,256,256,1,0.2192442927600096,0.1260177233886356
0,2,2,256,256,2,0.2462065473736431,0.0216300520129533
0,2,2,256,256,3,0.2303759043787092,0.0610366547779005
0,2,2,256,256,4,0.2194530333173994,0.1565292857948061
0,2,2,256,512,0,0.2447939098552211,0.051286534805004
0,2,2,256,512,1,0.1888470229989173,0.2543602754994112
0,2,2,256,512,2,0.1832375849001684,0.268167520288361
0,2,2,256,512,3,0.2246752942255044,0.1182570255733469
0,2,2,256,512,4,0.213450261554115,0.1479053257861484
0,2,2,256,1024,0,0.192662302031718,0.2327300895718956
0,2,2,256,1024,1,0.2314080786622208,0.0735001539483128
0,2,2,256,1024,2,0.1976072206003826,0.2298622165779187
0,2,2,256,1024,3,0.1966395690523926,0.2148232269258397
0,2,2,256,1024,4,0.2247220268411286,0.0963006352187398
0,2,2,256,2048,0,0.2098940795985169,0.1303085024887089
0,2,2,256,2048,1,0.220392190607043,0.1434118792404851
0,2,2,256,2048,2,0.2305558582968514,0.1100769749633249
0,2,2,256,2048,3,0.2498500814766128,0.1100313704426367
0,2,2,256,2048,4,0.2543232036215532,0.0091125561488146
0,2,2,512,16,0,0.2257381507035476,0.1317951993853507
0,2,2,512,16,1,0.2179533462858557,0.130595446210746
0,2,2,512,16,2,0.2147415730793772,0.1492500264274169
0,2,2,512,16,3,0.2319542222573056,0.0786054160132382
0,2,2,512,16,4,0.2277048755985647,0.0901185285802703
0,2,2,512,32,0,0.2267975934218312,0.095314181466025
0,2,2,512,32,1,0.2299418263314865,0.0878310843063607
0,2,2,512,32,2,0.2448523837103157,0.0639223218649888
0,2,2,512,32,3,0.2140345527609706,0.1461217219952426
0,2,2,512,32,4,0.2026335154473039,0.212304991508168
0,2,2,512,64,0,0.2329552895311163,0.0620961563199043
0,2,2,512,64,1,0.2016199642866754,0.217246120647185
0,2,2,512,64,2,0.2056016526370596,0.1887650210811183
0,2,2,512,64,3,0.2117681890676946,0.1470226456669522
0,2,2,512,64,4,0.2171074810321738,0.1296740004274127
0,2,2,512,128,0,0.2133772722680523,0.1460232491388451
0,2,2,512,128,1,0.2131086584320234,0.1550190772056945
0,2,2,512,128,2,0.2160983388340714,0.124091908498199
0,2,2,512,128,3,0.2387496320176186,0.0537475288111354
0,2,2,512,128,4,0.239858120618379,0.0413604036850094
0,2,2,512,256,0,0.2216200926704359,0.1220735608591309
0,2,2,512,256,1,0.2126159247622851,0.1588341616796277
0,2,2,512,256,2,0.2345186162003479,0.0867950209304111
0,2,2,512,256,3,0.2158578112783254,0.1380381869023527
0,2,2,512,256,4,0.215385109770652,0.1510941594152628
0,2,2,512,512,0,0.2116666372455769,0.1534024532779301
0,2,2,512,512,1,0.2140774261103543,0.1436376082046524
0,2,2,512,512,2,0.2029261786623379,0.1885735980452836
0,2,2,512,512,3,0.2166518921060078,0.1338551616488575
0,2,2,512,512,4,0.2227417631788074,0.1151313664997362
0,2,2,512,1024,0,0.2108038799091466,0.1516210075998049
0,2,2,512,1024,1,0.2056004769771969,0.1891615894389597
0,2,2,512,1024,2,0.2004506427856259,0.1920931649693361
0,2,2,512,1024,3,0.2094019270986097,0.1615118176927836
0,2,2,512,1024,4,0.1932355412301663,0.2261138621231921
0,2,2,512,2048,0,0.2330763741671355,0.0696411268847255
0,2,2,512,2048,1,0.2106713617431923,0.157740798630967
0,2,2,512,2048,2,0.2375919499347394,0.0534745706005833
0,2,2,512,2048,3,0.1984963625677608,0.2080819681252723
0,2,2,512,2048,4,0.214608476028106,0.1415383118051373
0,2,2,1024,16,0,0.229122246425135,0.0864747187505049
0,2,2,1024,16,1,0.2363804166340446,0.0545549899579568
0,2,2,1024,16,2,0.2190135805530667,0.1221029753747532
0,2,2,1024,16,3,0.2124747202398283,0.1491936364721472
0,2,2,1024,16,4,0.2093320910881148,0.1632981290610893
0,2,2,1024,32,0,0.2064478334094752,0.175716071858402
0,2,2,1024,32,1,0.2130657043186132,0.1476200037865747
0,2,2,1024,32,2,0.2098435791763784,0.1617492988152847
0,2,2,1024,32,3,0.2184439077202785,0.1285133110427656
0,2,2,1024,32,4,0.2082371020458463,0.1667992614519517
0,2,2,1024,64,0,0.2003022622471401,0.1989990873178457
0,2,2,1024,64,1,0.1963223053914327,0.2182044997601357
0,2,2,1024,64,2,0.2088135766211773,0.1724295174797286
0,2,2,1024,64,3,0.2050809497805373,0.178116194488508
0,2,2,1024,64,4,0.2056327744814418,0.1759475910865219
0,2,2,1024,128,0,0.2150651188701724,0.1396462332707535
0,2,2,1024,128,1,0.2253414384732332,0.1028938148770535
0,2,2,1024,128,2,0.206251937196881,0.1862374854122391
0,2,2,1024,128,3,0.2150291538370098,0.1397684438648597
0,2,2,1024,128,4,0.216384466127221,0.1350528164043686
0,2,2,1024,256,0,0.2017177931304477,0.185369663112777
0,2,2,1024,256,1,0.2080866718727518,0.172226698546473
0,2,2,1024,256,2,0.2169333208909964,0.1315745404451114
0,2,2,1024,256,3,0.2299417632366922,0.0866258144933911
0,2,2,1024,256,4,0.1921464574689473,0.24471195290991
0,2,2,1024,512,0,0.2112616759669701,0.161781118236465
0,2,2,1024,512,1,0.2087212518726874,0.165126475616286
0,2,2,1024,512,2,0.2092850160979992,0.1628601172316022
0,2,2,1024,512,3,0.2173627570668312,0.1314653758264902
0,2,2,1024,512,4,0.2050771899410401,0.1805088053990587
0,2,2,1024,1024,0,0.2071517301629689,0.1696103042417872
0,2,2,1024,1024,1,0.1983464075999593,0.2066875526534923
0,2,2,1024,1024,2,0.2104741136009446,0.1617857955169852
0,2,2,1024,1024,3,0.2216181244733804,0.1379616708430763
0,2,2,1024,1024,4,0.2030318323315571,0.1918987281548549
0,2,2,1024,2048,0,0.2035590914066184,0.1968965130500287
0,2,2,1024,2048,1,0.2194713522474586,0.1221630541243864
0,2,2,1024,2048,2,0.2070339443170754,0.173196233066567
0,2,2,1024,2048,3,0.2128448377205765,0.1473389434448387
0,2,2,1024,2048,4,0.2046268594812976,0.1824213285771871
0,2,2,2048,16,0,0.2141053959937127,0.1434889155387287
0,2,2,2048,16,1,0.2143775279594421,0.1453189877258998
0,2,2,2048,16,2,0.2133076623302962,0.1467833328304923
0,2,2,2048,16,3,0.224196491556874,0.1032751958285252
0,2,2,2048,16,4,0.2125508314271097,0.1492816134767461
0,2,2,2048,32,0,0.2253798391379389,0.0986691417370931
0,2,2,2048,32,1,0.217319340573479,0.1305556867842175
0,2,2,2048,32,2,0.2072229079085593,0.169270332906282
0,2,2,2048,32,3,0.2044961808392,0.1818871267397208
0,2,2,2048,32,4,0.2161866427934962,0.1353547768863219
0,2,2,2048,64,0,0.2071769068352159,0.1749538035928011
0,2,2,2048,64,1,0.21205175218185,0.1524389945362212
0,2,2,2048,64,2,0.2141063234456287,0.1443198895080685
0,2,2,2048,64,3,0.2108545882201319,0.1586831282534304
0,2,2,2048,64,4,0.2014629645817624,0.1959697078751868
0,2,2,2048,128,0,0.20658163768896,0.1787957227707026
0,2,2,2048,128,1,0.2029596121709481,0.1880573217849125
0,2,2,2048,128,2,0.2058046018670959,0.1771569129072373
0,2,2,2048,128,3,0.2075448042833921,0.1746332127215364
0,2,2,2048,128,4,0.2102275402454114,0.1611837759725876
0,2,2,2048,256,0,0.2165234737228925,0.132867293702794
0,2,2,2048,256,1,0.2075075776937767,0.167094534102888
0,2,2,2048,256,2,0.2091995766046458,0.1627422051493843
0,2,2,2048,256,3,0.2035825624124784,0.1860467251378561
0,2,2,2048,256,4,0.2063045411747935,0.1837933629904911
0,2,2,2048,512,0,0.2093014385917996,0.162763883357575
0,2,2,2048,512,1,0.2046204790562845,0.1821100835090824
0,2,2,2048,512,2,0.1995133615937037,0.2024021544533908
0,2,2,2048,512,3,0.2059933282013784,0.1751730889151681
0,2,2,2048,512,4,0.1952738570838995,0.2149218434579074
0,2,2,2048,1024,0,0.2030945116682343,0.1906857668774754
0,2,2,2048,1024,1,0.1992032036191598,0.203198530222071
0,2,2,2048,1024,2,0.2138198704374604,0.1467517153538157
0,2,2,2048,1024,3,0.2102219570029967,0.1598338038224487
0,2,2,2048,1024,4,0.2117173047781908,0.1627748082230303
0,2,2,2048,2048,0,0.20936211086004,0.1631477202102856
0,2,2,2048,2048,1,0.2044150567744429,0.1970046827632603
0,2,2,2048,2048,2,0.2156164631938612,0.1378183831817054
0,2,2,2048,2048,3,0.2039204081534751,0.1890529291544624
0,2,2,2048,2048,4,0.2081737712687325,0.1672897385133713
0,2,10,16,16,0,9.774264228556302,-0.3548209477919586
0,2,10,16,16,1,7.700028097358166,0.4319823609200763
0,2,10,16,16,2,14.983266958094068,-0.2330141827557577
0,2,10,16,16,3,9.890977355574748,-2.275250671847127
0,2,10,16,16,4,11.365292236003372,-1.629683767728142
0,2,10,16,32,0,23.482313895419797,-1.088351366668947
0,2,10,16,32,1,11.434095670949764,-0.4252174080509474
0,2,10,16,32,2,5.438774791507723,-0.8192710327258734
0,2,10,16,32,3,7.514272691228452,0.2908496518260899
0,2,10,16,32,4,7.036302722598258,-0.8448336536634133
0,2,10,16,64,0,11.06763799659424,0.7227698207981412
0,2,10,16,64,1,4.486659121757917,0.0537737805338616
0,2,10,16,64,2,16.871713791094884,-0.3122739075916456
0,2,10,16,64,3,8.997285688219087,0.2741877210213564
0,2,10,16,64,4,11.9827680890037,-0.5279454455583954
0,2,10,16,128,0,4.115653101960002,-0.8794059306742956
0,2,10,16,128,1,3.661886747104341,0.6174654061460902
0,2,10,16,128,2,5.001287943716686,0.345013949415953
0,2,10,16,128,3,2.6617082798657714,0.6460316966578127
0,2,10,16,128,4,8.397428061169137,0.2714854902729363
0,2,10,16,256,0,8.436985000538174,-0.1128025849764879
0,2,10,16,256,1,6.905261545891949,0.4068453708831057
0,2,10,16,256,2,2.6097769481320743,0.7044927486751544
0,2,10,16,256,3,8.372972673974184,0.1829696814926608
0,2,10,16,256,4,5.204209284427493,0.4969858145125789
0,2,10,16,512,0,7.774447911247432,-3.6652377547432335
0,2,10,16,512,1,7.335309393757578,0.3034656136519477
0,2,10,16,512,2,5.875686781296164,0.5783277623109309
0,2,10,16,512,3,7.11481963174117,0.2092823190017744
0,2,10,16,512,4,10.016831310949062,0.023167046779885
0,2,10,16,1024,0,8.130578162430794,0.741214977034431
0,2,10,16,1024,1,5.541812680498098,0.4693057826915447
0,2,10,16,1024,2,8.201165290596194,0.5121240577805493
0,2,10,16,1024,3,2.5945224914697707,0.2976644627783299
0,2,10,16,1024,4,4.360785018054359,-0.4549453440785753
0,2,10,16,2048,0,12.35962077198085,0.5743744929061181
0,2,10,16,2048,1,6.107394519848539,-0.4197911104798104
0,2,10,16,2048,2,4.917526078042373,0.525251704166136
0,2,10,16,2048,3,4.405439714272839,0.2583526035806406
0,2,10,16,2048,4,8.631182903116951,-0.4531768214571559
0,2,10,32,16,0,6.605009631949166,-0.0490850564926617
0,2,10,32,16,1,6.026363795848788,0.3571100020601313
0,2,10,32,16,2,9.231265346041678,0.0208553406832541
0,2,10,32,16,3,16.69230256862745,-0.6448637520948395
0,2,10,32,16,4,9.73557861946244,-0.0634652036510101
0,2,10,32,32,0,6.253667548777696,-0.0491888466346377
0,2,10,32,32,1,10.085432194376011,-0.1304085831288695
0,2,10,32,32,2,10.921209659645342,0.1184166443400597
0,2,10,32,32,3,5.556760309377545,0.6561046174181173
0,2,10,32,32,4,8.144006582645467,-0.4017547124246323
0,2,10,32,64,0,11.01170787978733,-0.0256726680117089
0,2,10,32,64,1,5.961638593032316,0.2706604184283451
0,2,10,32,64,2,10.684425586278412,-0.61437581938221
0,2,10,32,64,3,6.402252092047202,0.3679386586760292
0,2,10,32,64,4,8.440150158423782,0.2652198102514621
0,2,10,32,128,0,4.569786182365063,0.4282935428921645
0,2,10,32,128,1,3.2692944683933263,0.5675553393768861
0,2,10,32,128,2,11.017039323072808,0.0295294496102802
0,2,10,32,128,3,10.204038816101402,-0.1072319800489289
0,2,10,32,128,4,3.133957719536025,0.4324154973458841
0,2,10,32,256,0,6.838387272766049,0.1353407753265569
0,2,10,32,256,1,6.360055407340274,0.1620684558400552
0,2,10,32,256,2,12.561329465163414,-0.439398449198443
0,2,10,32,256,3,8.276636994001986,-0.0228289492806124
0,2,10,32,256,4,7.873633322086221,-0.1890664990845176
0,2,10,32,512,0,12.801927570919164,0.2671313151849274
0,2,10,32,512,1,7.339152674541662,-0.0114989127521536
0,2,10,32,512,2,5.4306178238241385,0.460126277812536
0,2,10,32,512,3,4.0889539218215045,0.4849812218389236
0,2,10,32,512,4,4.910425788066928,-0.0024992744641143
0,2,10,32,1024,0,9.91494916117808,-0.0369237196375247
0,2,10,32,1024,1,5.643226309216478,0.3721855991819226
0,2,10,32,1024,2,5.472813140367286,0.4661531403113016
0,2,10,32,1024,3,5.588886743611445,0.3633519864841329
0,2,10,32,1024,4,6.447970003031601,0.3287201313299989
0,2,10,32,2048,0,4.58306024468411,0.3195376611421936
0,2,10,32,2048,1,4.153870950499038,0.231581139482332
0,2,10,32,2048,2,7.054364468916416,0.5674340052957305
0,2,10,32,2048,3,9.096154150509976,0.3035564276094883
0,2,10,32,2048,4,9.406257064840274,0.0667425819154695
0,2,10,64,16,0,8.745254805932642,0.0685537062028961
0,2,10,64,16,1,4.764871708021639,0.430116798046632
0,2,10,64,16,2,6.159335377592232,0.2363795020983288
0,2,10,64,16,3,5.372841447227552,0.3189519945424715
0,2,10,64,16,4,4.598523524832649,0.4797461048498251
0,2,10,64,32,0,7.007891491419699,0.2439245485576636
0,2,10,64,32,1,5.308750805941299,0.3025816317248155
0,2,10,64,32,2,4.438744005808086,0.3425407057691133
0,2,10,64,32,3,5.96784147427579,0.3986915075675616
0,2,10,64,32,4,7.468450566465242,0.0781394792127138
0,2,10,64,64,0,4.1678191664273605,0.4547261174973823
0,2,10,64,64,1,5.227381754506784,0.2729783980432155
0,2,10,64,64,2,5.036769756579179,0.3563999544889724
0,2,10,64,64,3,8.5548482819697,-0.0280530760962038
0,2,10,64,64,4,5.821221498089461,0.3248995591382843
0,2,10,64,128,0,5.055925069376526,0.3794499359577422
0,2,10,64,128,1,8.732881652699158,0.1123959778086813
0,2,10,64,128,2,5.271812204334883,0.4539657108010937
0,2,10,64,128,3,7.208439317807478,0.0556027648749405
0,2,10,64,128,4,6.124882767419479,0.3499702242214634
0,2,10,64,256,0,4.659544860530255,0.4777232395527818
0,2,10,64,256,1,6.636915682763997,0.1349943997710638
0,2,10,64,256,2,6.9013966603239245,0.1607383291752062
0,2,10,64,256,3,5.231525531708916,0.1547042877494299
0,2,10,64,256,4,9.507904207364156,0.098496701779429
0,2,10,64,512,0,4.410638005257642,0.5955929709881098
0,2,10,64,512,1,7.453259432882171,0.3743607499590109
0,2,10,64,512,2,7.461193112466677,0.0642629781006549
0,2,10,64,512,3,6.1033697214249845,0.1523860643168383
0,2,10,64,512,4,3.930304307547545,0.4339591975507657
0,2,10,64,1024,0,7.253053803715138,0.2248292326909081
0,2,10,64,1024,1,7.174072040268223,0.1881553424768386
0,2,10,64,1024,2,4.997485810344768,0.4736821000353479
0,2,10,64,1024,3,7.567203692339737,0.1203764987332708
0,2,10,64,1024,4,8.137565622935085,0.3303676587620859
0,2,10,64,2048,0,5.367697585512658,0.2358031818375321
0,2,10,64,2048,1,6.234061219390814,0.278120062517091
0,2,10,64,2048,2,10.875988398090437,0.0003835473457447
0,2,10,64,2048,3,7.265561209518554,-0.1162833489891654
0,2,10,64,2048,4,4.927828680126739,0.2767964428056495
0,2,10,128,16,0,8.340369429600234,-0.0217741946201555
0,2,10,128,16,1,6.7343295756228905,0.1864449240506832
0,2,10,128,16,2,6.86588587618643,0.283654946313255
0,2,10,128,16,3,8.235281658959497,0.0712707322256209
0,2,10,128,16,4,6.707085537610249,0.1971497210105741
0,2,10,128,32,0,6.050859177123469,0.1353518322577281
0,2,10,128,32,1,7.751251901638797,0.2179329317264592
0,2,10,128,32,2,7.050960266903345,0.2154130128668032
0,2,10,128,32,3,7.716802833188837,0.0931507509677191
0,2,10,128,32,4,6.695540912747696,0.2628267097959174
0,2,10,128,64,0,7.7541498905769455,0.2670004358639927
0,2,10,128,64,1,7.332334158519625,0.2094646799357978
0,2,10,128,64,2,5.45102544783157,0.3638455413924096
0,2,10,128,64,3,5.947798122071765,0.3681461159592792
0,2,10,128,64,4,6.016643040116119,0.2314597578835725
0,2,10,128,128,0,5.802975117321015,0.3934944654794473
0,2,10,128,128,1,6.7817121276665775,0.3053414750468414
0,2,10,128,128,2,5.657536431992778,0.1874456574060485
0,2,10,128,128,3,5.854205771952721,0.2825726741593567
0,2,10,128,128,4,5.919601762663799,0.1843745571324997
0,2,10,128,256,0,6.29389890341864,0.1105479142526854
0,2,10,128,256,1,5.4684686209295705,0.3724505286169601
0,2,10,128,256,2,5.956256142937905,0.1821298820565444
0,2,10,128,256,3,7.552737331280207,0.2478479479500456
0,2,10,128,256,4,6.952505934738205,0.2020954750936755
0,2,10,128,512,0,3.636497730085079,0.5180846689391749
0,2,10,128,512,1,5.578463407864558,0.2978633230522135
0,2,10,128,512,2,6.722440337217459,0.2700129035838357
0,2,10,128,512,3,4.012707221095584,0.4981389794287402
0,2,10,128,512,4,5.819803127161382,0.2488982160243459
0,2,10,128,1024,0,4.908362752265747,0.3895115005933971
0,2,10,128,1024,1,6.307635494265725,0.0520209320882615
0,2,10,128,1024,2,5.170910318255471,0.2935394256649097
0,2,10,128,1024,3,5.5482977094338,0.3725877972614049
0,2,10,128,1024,4,5.582516396242854,0.2183057796918394
0,2,10,128,2048,0,4.398433180034189,0.2040243409135252
0,2,10,128,2048,1,5.971417102216666,0.3330151240231889
0,2,10,128,2048,2,6.956691803967555,0.1498883040643687
0,2,10,128,2048,3,6.2146891998521845,0.305384613214389
0,2,10,128,2048,4,4.545439150040831,0.3107318940402664
0,2,10,256,16,0,8.360891939581457,0.0587866256298154
0,2,10,256,16,1,6.8255958260973895,0.2254570922825657
0,2,10,256,16,2,6.188003427956833,0.1997403206209517
0,2,10,256,16,3,7.047054548312322,0.0940066925490575
0,2,10,256,16,4,8.32153229498588,0.0037412877043475
0,2,10,256,32,0,6.927257640254136,0.1430612716652792
0,2,10,256,32,1,6.443644749886331,0.2522567322116592
0,2,10,256,32,2,5.314539457042239,0.3297272642795146
0,2,10,256,32,3,7.430469173720615,0.2179731950300965
0,2,10,256,32,4,6.292842766019171,0.3299110647868704
0,2,10,256,64,0,6.524644988244667,0.2765213043477511
0,2,10,256,64,1,6.539343227990938,0.2545382573443387
0,2,10,256,64,2,5.53471862074103,0.2509121327850006
0,2,10,256,64,3,5.937425720293346,0.3545283009605544
0,2,10,256,64,4,6.995859470851878,0.2270569076442807
0,2,10,256,128,0,5.6770197777527125,0.3350818987293187
0,2,10,256,128,1,6.001917054120932,0.2793556517967446
0,2,10,256,128,2,6.777126344369856,0.2309827242183125
0,2,10,256,128,3,6.935907129548786,0.2268864602366109
0,2,10,256,128,4,5.794942326366475,0.3061616543182909
0,2,10,256,256,0,4.791237969631473,0.3789812886729178
0,2,10,256,256,1,5.458387962556711,0.3000787446761981
0,2,10,256,256,2,5.562641041928682,0.2952038276506252
0,2,10,256,256,3,4.947097757432156,0.4265402441317485
0,2,10,256,256,4,4.660699491151236,0.473016401142033
0,2,10,256,512,0,5.097328058777139,0.3862126019640026
0,2,10,256,512,1,6.205149759036424,0.1714030504460287
0,2,10,256,512,2,6.271170917654805,0.2856402977329496
0,2,10,256,512,3,4.691860709376605,0.3109514081926171
0,2,10,256,512,4,6.038409547602008,0.3295948192244956
0,2,10,256,1024,0,6.056460266214207,0.3535080278856722
0,2,10,256,1024,1,5.907079441000158,0.3081864854431827
0,2,10,256,1024,2,6.382730129329236,0.2979410292765589
0,2,10,256,1024,3,7.501231173488844,0.1607068230512643
0,2,10,256,1024,4,6.701349214782344,0.2510752540848009
0,2,10,256,2048,0,5.257180042914031,0.350851245586242
0,2,10,256,2048,1,7.526338615424358,0.1790065078641876
0,2,10,256,2048,2,6.57546806548592,0.3105700674615119
0,2,10,256,2048,3,5.171393155688131,0.316413529182047
0,2,10,256,2048,4,6.665828913146001,0.3616745408622552
0,2,10,512,16,0,6.216204110427648,0.2192686372094985
0,2,10,512,16,1,6.419928552240949,0.2777153504218671
0,2,10,512,16,2,5.6439497956219205,0.3052517034502399
0,2,10,512,16,3,6.501345137706457,0.2468818063655334
0,2,10,512,16,4,6.245087356566094,0.2476989792161379
0,2,10,512,32,0,6.65817820734706,0.1939517781744477
0,2,10,512,32,1,6.514036667030478,0.2279695806612666
0,2,10,512,32,2,5.738858900593582,0.280948671806573
0,2,10,512,32,3,5.99865297722322,0.2807162963805415
0,2,10,512,32,4,6.058931328251338,0.2617928006585243
0,2,10,512,64,0,6.090608692456104,0.3363062550621724
0,2,10,512,64,1,5.652503186359258,0.2355460080732816
0,2,10,512,64,2,6.2990279349788,0.2879206253080315
0,2,10,512,64,3,5.917059671942279,0.2626938204997772
0,2,10,512,64,4,5.768243696432127,0.279445676142742
0,2,10,512,128,0,6.49148539055354,0.2737257734129803
0,2,10,512,128,1,5.952357132667858,0.2378209505232328
0,2,10,512,128,2,6.319318989733364,0.2680019844130978
0,2,10,512,128,3,5.259457497305579,0.3902946335469679
0,2,10,512,128,4,5.5518789066958965,0.3503594438337837
0,2,10,512,256,0,6.028853339276749,0.3012268965702018
0,2,10,512,256,1,6.755909966983468,0.2639118677920233
0,2,10,512,256,2,6.150604957421084,0.2569814482987271
0,2,10,512,256,3,5.605055862342889,0.3209458673298344
0,2,10,512,256,4,5.3340094734537615,0.3796181630937717
0,2,10,512,512,0,5.551504573309067,0.3660263730503942
0,2,10,512,512,1,6.222456918374162,0.2313055923151349
0,2,10,512,512,2,6.186779999396636,0.2629324253348711
0,2,10,512,512,3,4.909120107345931,0.4210727256135295
0,2,10,512,512,4,5.953535851372639,0.2756981845753018
0,2,10,512,1024,0,5.15061215552686,0.33154888373145
0,2,10,512,1024,1,6.006685006801972,0.3060414867202612
0,2,10,512,1024,2,5.590477625835119,0.327252069213118
0,2,10,512,1024,3,5.386376893920877,0.3303747712327117
0,2,10,512,1024,4,5.574030439823066,0.3378954665079235
0,2,10,512,2048,0,5.047815946677927,0.3899600672622743
0,2,10,512,2048,1,5.530810327048162,0.3128417248773928
0,2,10,512,2048,2,5.62652129051328,0.2999374748625293
0,2,10,512,2048,3,6.033406776021547,0.3161188006266693
0,2,10,512,2048,4,5.18665204359547,0.3089014910898553
0,2,10,1024,16,0,6.368933833179826,0.258046788276345
0,2,10,1024,16,1,6.005743073634525,0.2374510437255217
0,2,10,1024,16,2,6.238326909604773,0.2396117454496852
0,2,10,1024,16,3,6.102836164331375,0.2614286938778972
0,2,10,1024,16,4,5.786826681714066,0.2952028823083987
0,2,10,1024,32,0,6.091564526272262,0.3012605284761875
0,2,10,1024,32,1,5.84532256088863,0.2985373366925579
0,2,10,1024,32,2,5.892885006875255,0.2422509174553527
0,2,10,1024,32,3,5.744832197198191,0.2757431982664323
0,2,10,1024,32,4,5.906029440809286,0.2696796903894264
0,2,10,1024,64,0,5.828332586976741,0.3187826421883171
0,2,10,1024,64,1,5.45243486406764,0.2683803604924252
0,2,10,1024,64,2,5.80162525369412,0.2613342886580893
0,2,10,1024,64,3,5.788158414573736,0.2944376177091252
0,2,10,1024,64,4,4.951536379453552,0.361091165223836
0,2,10,1024,128,0,5.905532894397515,0.2892848379146979
0,2,10,1024,128,1,5.67331165658179,0.3067706524196576
0,2,10,1024,128,2,6.037170487332976,0.2838017221751695
0,2,10,1024,128,3,6.360096766436064,0.2731243977285372
0,2,10,1024,128,4,5.389346839520502,0.3470216360555017
0,2,10,1024,256,0,6.001952632067095,0.2625396740334745
0,2,10,1024,256,1,5.541180935933214,0.3472118956777489
0,2,10,1024,256,2,5.462620347450635,0.3201192971368932
0,2,10,1024,256,3,5.681613460146094,0.321203678776963
0,2,10,1024,256,4,5.665163173518582,0.3271875534918002
0,2,10,1024,512,0,5.731314023787199,0.3092618229920237
0,2,10,1024,512,1,5.65961101820311,0.3036896488684297
0,2,10,1024,512,2,5.570097194479896,0.3297504979018305
0,2,10,1024,512,3,5.627729204573019,0.3148157238855811
0,2,10,1024,512,4,5.300269322573712,0.3699038585388776
0,2,10,1024,1024,0,5.338862262591253,0.3525301901551394
0,2,10,1024,1024,1,5.847283288617497,0.3444897351131945
0,2,10,1024,1024,2,5.378640551678751,0.3940064798053564
0,2,10,1024,1024,3,5.098339525426791,0.3757248094244404
0,2,10,1024,1024,4,5.30155924678691,0.3142347284579165
0,2,10,1024,2048,0,5.402633829683413,0.3558478335797344
0,2,10,1024,2048,1,5.819122352403077,0.3050555322377716
0,2,10,1024,2048,2,5.331512270553598,0.3396532890285385
0,2,10,1024,2048,3,5.614703198516036,0.2753817512856293
0,2,10,1024,2048,4,5.455936909017493,0.3460945613075393
0,2,10,2048,16,0,6.282717227777849,0.2628062213050403
0,2,10,2048,16,1,6.293533659067414,0.2353186156568735
0,2,10,2048,16,2,6.3818447419103,0.2110911690185261
0,2,10,2048,16,3,6.033636533546588,0.259938629649135
0,2,10,2048,16,4,6.263783941191819,0.2381887900818382
0,2,10,2048,32,0,5.745732637751464,0.309212615632405
0,2,10,2048,32,1,6.032392236603735,0.2613019319268814
0,2,10,2048,32,2,6.130865652465479,0.2327812475104977
0,2,10,2048,32,3,5.560119865220751,0.3330875611975552
0,2,10,2048,32,4,5.976498863645121,0.2621123223914926
0,2,10,2048,64,0,5.837779184859102,0.3057511978221382
0,2,10,2048,64,1,6.320467640673411,0.2477857259016277
0,2,10,2048,64,2,5.581052672003101,0.321473356932661
0,2,10,2048,64,3,5.733065702714403,0.2981195932177349
0,2,10,2048,64,4,5.612193369962786,0.3166552004013271
0,2,10,2048,128,0,5.526954025758059,0.3389043850803824
0,2,10,2048,128,1,5.774784509323746,0.2838932818719863
0,2,10,2048,128,2,6.050457828436809,0.2865148501426806
0,2,10,2048,128,3,5.979162518265953,0.3091781612746777
0,2,10,2048,128,4,5.448747141373255,0.3306965563964269
0,2,10,2048,256,0,5.635596013156537,0.3105564346294328
0,2,10,2048,256,1,5.444992874283315,0.3163837480145218
0,2,10,2048,256,2,5.42451871453197,0.3183838077772186
0,2,10,2048,256,3,5.463669676119937,0.3334549347320037
0,2,10,2048,256,4,5.279387798417318,0.3423953342451401
0,2,10,2048,512,0,5.48251187678465,0.3350515210323231
0,2,10,2048,512,1,5.839421099454406,0.2984265895846023
0,2,10,2048,512,2,5.681593597571313,0.3368919581287778
0,2,10,2048,512,3,5.247500561645063,0.3410892956434868
0,2,10,2048,512,4,5.458794758108173,0.3464760895070647
0,2,10,2048,1024,0,5.418692364934131,0.3348900802616018
0,2,10,2048,1024,1,5.589904941587816,0.3465735468987215
0,2,10,2048,1024,2,5.3115169329224585,0.3421033744702793
0,2,10,2048,1024,3,5.451199300016443,0.3170131351142968
0,2,10,2048,1024,4,5.417813232676345,0.3506463438249428
0,2,10,2048,2048,0,5.651390951852141,0.3167477935293215
0,2,10,2048,2048,1,5.6625743218233255,0.2964250542752255
0,2,10,2048,2048,2,5.551715241992606,0.3460815915041676
0,2,10,2048,2048,3,5.645031765643807,0.3403277669525663
0,2,10,2048,2048,4,5.6412167809264,0.3589219566002871
0,10,2,16,16,0,0.5412150791221838,0.1527291561601067
0,10,2,16,16,1,0.6244899358614293,0.4617675430712805
0,10,2,16,16,2,1.37952139842105,-0.1779045917486423
0,10,2,16,16,3,0.0708753702586109,0.7057542316345355
0,10,2,16,16,4,0.613334533131723,-0.1717292306791269
0,10,2,16,32,0,0.4669921227475798,0.648210191751801
0,10,2,16,32,1,0.2287705268775399,0.6336425499976086
0,10,2,16,32,2,0.2596663599065774,0.3066116018297309
0,10,2,16,32,3,0.3667775945943212,0.4016941562950826
0,10,2,16,32,4,0.531845293552752,0.6247761392655028
0,10,2,16,64,0,0.3689690131732155,0.371113056293872
0,10,2,16,64,1,0.1435667045636329,0.5604782932309837
0,10,2,16,64,2,0.5867040808561133,0.4583586340760757
0,10,2,16,64,3,0.5138249871810052,0.4250079005290553
0,10,2,16,64,4,0.2224409474368829,0.4892631733057239
0,10,2,16,128,0,0.2571692944163382,-0.5657950300481094
0,10,2,16,128,1,0.5236988954932356,0.7200775547580823
0,10,2,16,128,2,0.6437114813172633,0.4497167255009302
0,10,2,16,128,3,0.8988778149874228,0.8512107668585178
0,10,2,16,128,4,1.1556379509391306,0.7199322773799244
0,10,2,16,256,0,0.5191889461370653,0.0796547440708099
0,10,2,16,256,1,0.2960574413284254,0.2577192444686578
0,10,2,16,256,2,0.3076324328194271,0.4322657551471047
0,10,2,16,256,3,0.7271614461516099,0.4204321251507632
0,10,2,16,256,4,0.2678330418313435,0.6173436772755179
0,10,2,16,512,0,0.4325134879374285,0.4795518498927494
0,10,2,16,512,1,0.7432521163112016,0.1449299582117441
0,10,2,16,512,2,0.4181621366583253,0.0918464011443754
0,10,2,16,512,3,0.4743810258381092,0.8554142015744584
0,10,2,16,512,4,0.4597198520657702,-0.4317433470685479
0,10,2,16,1024,0,0.7054611337809471,0.085239220496601
0,10,2,16,1024,1,0.8297400473152047,0.1646076216358115
0,10,2,16,1024,2,0.3421097204818628,0.3934612175367069
0,10,2,16,1024,3,0.2911333753813264,0.483400715967757
0,10,2,16,1024,4,0.2821214860529389,0.6306388733510768
0,10,2,16,2048,0,0.670237266748255,0.5080662949831344
0,10,2,16,2048,1,0.1445353722137644,0.4578383188022717
0,10,2,16,2048,2,0.673333385986633,0.1945533144614308
0,10,2,16,2048,3,0.4817131599364675,-0.037549813674979
0,10,2,16,2048,4,0.4607908042123846,0.3242301341008389
0,10,2,32,16,0,0.6491929194746529,0.0188571972290629
0,10,2,32,16,1,0.4082839568153139,0.0840090570307537
0,10,2,32,16,2,0.2169731195086435,0.2478832180759982
0,10,2,32,16,3,0.3324025025067788,0.2145058799330198
0,10,2,32,16,4,0.3530719950005324,-0.0175627510487863
0,10,2,32,32,0,0.5340071699868434,-0.3032509100223841
0,10,2,32,32,1,0.2411476196653453,0.3816920963362868
0,10,2,32,32,2,0.4966165472895135,0.4318899258549834
0,10,2,32,32,3,0.1350339768923893,0.5511479119697199
0,10,2,32,32,4,0.1810839368465954,0.4248108480872307
0,10,2,32,64,0,0.4336505105933309,-0.0112470353696974
0,10,2,32,64,1,0.13528967793329,0.4613418613286564
0,10,2,32,64,2,0.468638208204616,-0.6445297055179557
0,10,2,32,64,3,0.2193720149311988,0.1806742789648442
0,10,2,32,64,4,0.2529625685647153,0.3274491003605365
0,10,2,32,128,0,0.2769995206832927,0.0496058583966179
0,10,2,32,128,1,0.1729796639764976,0.7893916615183251
0,10,2,32,128,2,0.3982700685717271,0.3245558004476618
0,10,2,32,128,3,0.3528598231421731,-0.1069905765130643
0,10,2,32,128,4,0.3314840281966242,0.3356015655392724
0,10,2,32,256,0,0.2344820284023402,0.4372176484632381
0,10,2,32,256,1,0.5481157615213843,-0.7375225559050436
0,10,2,32,256,2,0.1665608200737244,0.1274679340551728
0,10,2,32,256,3,0.25910271268869,0.0787181322765296
0,10,2,32,256,4,0.2534742596813198,0.4497770142013061
0,10,2,32,512,0,0.2437689250554853,0.1658349620715979
0,10,2,32,512,1,0.3445989975876289,0.2389965501955799
0,10,2,32,512,2,0.2724523866671534,0.4845802970209368
0,10,2,32,512,3,0.1590823316311319,0.5652140038373072
0,10,2,32,512,4,0.2281883197602004,0.552564580441067
0,10,2,32,1024,0,0.4329156940572161,-0.0087616798473633
0,10,2,32,1024,1,0.2170295961596882,0.3386244677206347
0,10,2,32,1024,2,0.2056964823876328,0.3773059468598059
0,10,2,32,1024,3,0.2856538417256125,0.2834118849660847
0,10,2,32,1024,4,0.1642120754483335,0.4505621459881973
0,10,2,32,2048,0,0.3410479383983859,0.3485046195936332
0,10,2,32,2048,1,0.3956305654607297,0.2015363157451457
0,10,2,32,2048,2,0.2252258436701851,0.3193336113722228
0,10,2,32,2048,3,0.241753883064582,0.2634393162661823
0,10,2,32,2048,4,0.1260385030539028,0.3740232339051795
0,10,2,64,16,0,0.1739930752512569,0.4566192233701809
0,10,2,64,16,1,0.2470984530190002,0.1164551146933757
0,10,2,64,16,2,0.2954186410615824,0.2256927475278799
0,10,2,64,16,3,0.2508817341209449,0.1502599331363707
0,10,2,64,16,4,0.2110088507516648,0.4787724282283608
0,10,2,64,32,0,0.2150669280860186,0.3088326555859403
0,10,2,64,32,1,0.1972079270809849,0.4830990478361818
0,10,2,64,32,2,0.1664693315985426,0.378617324290282
0,10,2,64,32,3,0.2155642742532987,0.2282603612909052
0,10,2,64,32,4,0.1965864639099975,0.2039338545340334
0,10,2,64,64,0,0.2823582479796691,0.1308327289024897
0,10,2,64,64,1,0.2613108172622117,0.3937697994926183
0,10,2,64,64,2,0.2385386644470591,0.1540911008519642
0,10,2,64,64,3,0.3980205848230796,0.2312951639273526
0,10,2,64,64,4,0.1842827334221735,0.2816599698255737
0,10,2,64,128,0,0.1461778856675774,0.4669087995382464
0,10,2,64,128,1,0.1525506908495005,0.4606449970137506
0,10,2,64,128,2,0.1311941805235606,0.589286676776779
0,10,2,64,128,3,0.3103656493254045,-0.222778861147145
0,10,2,64,128,4,0.2451280299137577,0.1190804001439108
0,10,2,64,256,0,0.2190624366689719,0.16251112101276
0,10,2,64,256,1,0.0925725296797341,0.7260228546228189
0,10,2,64,256,2,0.2245513135497403,0.3902371007865641
0,10,2,64,256,3,0.2849664181068994,0.235286944774799
0,10,2,64,256,4,0.2027011939897748,0.2156674421616928
0,10,2,64,512,0,0.1897713839000984,0.3278973603022937
0,10,2,64,512,1,0.1249663000027847,0.5090086255676591
0,10,2,64,512,2,0.2105453173199272,0.3017195088260407
0,10,2,64,512,3,0.197018980012831,0.3961762071704675
0,10,2,64,512,4,0.2514753094213151,0.2768078615591168
0,10,2,64,1024,0,0.2051885266912599,0.2182104028408995
0,10,2,64,1024,1,0.187993008833439,0.3362110820015985
0,10,2,64,1024,2,0.206555333295459,0.2885224940223485
0,10,2,64,1024,3,0.2600653855492936,0.377803791851071
0,10,2,64,1024,4,0.2391830425244155,0.0920766339841215
0,10,2,64,2048,0,0.1616173303852462,0.5918781886926379
0,10,2,64,2048,1,0.3312789203163458,0.0375999934622108
0,10,2,64,2048,2,0.1272546366420783,0.515003032665097
0,10,2,64,2048,3,0.1970934086036507,0.4230837417387136
0,10,2,64,2048,4,0.2000070084474278,0.3914188249483612
0,10,2,128,16,0,0.2583099829843781,0.1502782360215727
0,10,2,128,16,1,0.2274153512590283,0.2280308669941525
0,10,2,128,16,2,0.2141465590353532,0.1958558150576256
0,10,2,128,16,3,0.1562577445732804,0.4041193534397063
0,10,2,128,16,4,0.1986650941879087,0.3739651259456905
0,10,2,128,32,0,0.1888520921620848,0.3618893719188306
0,10,2,128,32,1,0.1885497481812271,0.5110334571875558
0,10,2,128,32,2,0.1391297808518726,0.5280965047977488
0,10,2,128,32,3,0.2265981273192574,0.2639667855878995
0,10,2,128,32,4,0.1770607392001557,0.3179916408186047
0,10,2,128,64,0,0.18127523127049,0.3318912441459195
0,10,2,128,64,1,0.1291656219024646,0.5881560199497382
0,10,2,128,64,2,0.166963021835761,0.3745066105341478
0,10,2,128,64,3,0.1938341496560531,0.234862868206902
0,10,2,128,64,4,0.1585944178571205,0.4490688516585585
0,10,2,128,128,0,0.1336274658305374,0.4806953806737366
0,10,2,128,128,1,0.2075587486292849,0.2481276906906385
0,10,2,128,128,2,0.1552717100090694,0.3882516521990019
0,10,2,128,128,3,0.1969251055981175,0.2913507129358167
0,10,2,128,128,4,0.1449088043612281,0.4996414135381944
0,10,2,128,256,0,0.1765164276096353,0.5340792870403769
0,10,2,128,256,1,0.1581320794374744,0.4340803321248834
0,10,2,128,256,2,0.1625569301553971,0.4209543626982744
0,10,2,128,256,3,0.2046796508794718,0.3076065556968297
0,10,2,128,256,4,0.184849053286823,0.3205547091920266
0,10,2,128,512,0,0.2242835233880752,0.2525185940773991
0,10,2,128,512,1,0.0773354392973648,0.70825754351984
0,10,2,128,512,2,0.17920408905645,0.3183913728110658
0,10,2,128,512,3,0.1710079652561597,0.4312471373245483
0,10,2,128,512,4,0.1836820209406522,0.3851711474225539
0,10,2,128,1024,0,0.175064899130905,0.4479457910209835
0,10,2,128,1024,1,0.163824120383363,0.3576382661992802
0,10,2,128,1024,2,0.1065399266317522,0.5706088764248856
0,10,2,128,1024,3,0.1384766869976489,0.4463492053852127
0,10,2,128,1024,4,0.2194406523555838,0.3643371045241012
0,10,2,128,2048,0,0.1582833929331246,0.5581819451509219
0,10,2,128,2048,1,0.1369988327428369,0.5882693116116349
0,10,2,128,2048,2,0.1931242846021684,0.3656016916804713
0,10,2,128,2048,3,0.2247987061516917,0.3501916641011212
0,10,2,128,2048,4,0.1528596374373268,0.4375262900342959
0,10,2,256,16,0,0.1502546316567021,0.3654955628285803
0,10,2,256,16,1,0.2290493919481427,0.1614330934322726
0,10,2,256,16,2,0.1746091448549079,0.4861985497903454
0,10,2,256,16,3,0.1484578360940543,0.4155320636268165
0,10,2,256,16,4,0.1929590670162551,0.2753442024533251
0,10,2,256,32,0,0.1837388310937942,0.289528590109456
0,10,2,256,32,1,0.1794962259167937,0.3299617414066791
0,10,2,256,32,2,0.1643927190217491,0.3744660080516511
0,10,2,256,32,3,0.1483423842734835,0.4438616054743586
0,10,2,256,32,4,0.163565178182647,0.3714591577663638
0,10,2,256,64,0,0.192207725616911,0.2266237452677192
0,10,2,256,64,1,0.2330578859481145,0.3134144370086016
0,10,2,256,64,2,0.1506104507085539,0.4103721296336762
0,10,2,256,64,3,0.1528258741430017,0.4168784730447349
0,10,2,256,64,4,0.1382350286327714,0.4796133919735864
0,10,2,256,128,0,0.1661865445051294,0.3321314842008748
0,10,2,256,128,1,0.1761872558643938,0.4284659386788539
0,10,2,256,128,2,0.1629823653863992,0.417100159039551
0,10,2,256,128,3,0.1709650388994868,0.3372568601042075
0,10,2,256,128,4,0.1259130102355909,0.5427991717132943
0,10,2,256,256,0,0.2211242328713708,0.3284518866329363
0,10,2,256,256,1,0.1430345168793814,0.4521030236332635
0,10,2,256,256,2,0.1784489827611987,0.3122744051401763
0,10,2,256,256,3,0.1510894350908703,0.4548726864108322
0,10,2,256,256,4,0.1401939806866661,0.4823995540885559
0,10,2,256,512,0,0.1671233329392469,0.4500294593588489
0,10,2,256,512,1,0.1426949315563128,0.4782046902863542
0,10,2,256,512,2,0.1438371511287119,0.5121672276537976
0,10,2,256,512,3,0.1248673828475789,0.5345413051361592
0,10,2,256,512,4,0.1813294695092693,0.4160203389551676
0,10,2,256,1024,0,0.1900124626970384,0.4508056323073928
0,10,2,256,1024,1,0.1577303951222375,0.3857609688708173
0,10,2,256,1024,2,0.1224833417317988,0.5774793127822548
0,10,2,256,1024,3,0.1426689936992786,0.4657512054063526
0,10,2,256,1024,4,0.1490482934520801,0.4289337962636519
0,10,2,256,2048,0,0.1627191437225713,0.4588529562821535
0,10,2,256,2048,1,0.1362014516489765,0.4897239667740684
0,10,2,256,2048,2,0.1348606396475873,0.524599521733594
0,10,2,256,2048,3,0.1815299910806946,0.4031114927591005
0,10,2,256,2048,4,0.1329114558701952,0.5137705999379887
0,10,2,512,16,0,0.1720199406021917,0.3092609249647082
0,10,2,512,16,1,0.1396485997580146,0.4435452701890026
0,10,2,512,16,2,0.160204137916401,0.3989027944304729
0,10,2,512,16,3,0.1851582354360231,0.2540220952141218
0,10,2,512,16,4,0.1781042036894148,0.3246353020920645
0,10,2,512,32,0,0.1388846426814646,0.4457720211867955
0,10,2,512,32,1,0.1388447800354564,0.4693918991270246
0,10,2,512,32,2,0.1593748423020554,0.3825461633226923
0,10,2,512,32,3,0.1219267796427161,0.5318540130958488
0,10,2,512,32,4,0.133646479945733,0.4621238622973864
0,10,2,512,64,0,0.1339930058842382,0.4840809558505916
0,10,2,512,64,1,0.1455564966612231,0.4402010282621014
0,10,2,512,64,2,0.1552868733316724,0.3856995024966435
0,10,2,512,64,3,0.1554740322528334,0.3778749001580854
0,10,2,512,64,4,0.1204282947823565,0.5251663388564267
0,10,2,512,128,0,0.1308332519644376,0.4956518867437562
0,10,2,512,128,1,0.1546421124133351,0.403161459793188
0,10,2,512,128,2,0.1389125843761917,0.4493038468171214
0,10,2,512,128,3,0.1557934680068749,0.4367354206824045
0,10,2,512,128,4,0.1218565778483221,0.5351035476874759
0,10,2,512,256,0,0.1196516908729093,0.5246066500009255
0,10,2,512,256,1,0.14146313695603,0.4864728308665628
0,10,2,512,256,2,0.1326028910956401,0.4818601150049296
0,10,2,512,256,3,0.147541190965981,0.4689321558491577
0,10,2,512,256,4,0.1326127746246011,0.4960741060458513
0,10,2,512,512,0,0.1249056785210303,0.5130346144733221
0,10,2,512,512,1,0.1217120130219328,0.5291052773911318
0,10,2,512,512,2,0.1564281339684001,0.382161438269909
0,10,2,512,512,3,0.1443094441996438,0.4738270326888839
0,10,2,512,512,4,0.1356514234611746,0.506009331610189
0,10,2,512,1024,0,0.1509926996818465,0.3966341541217908
0,10,2,512,1024,1,0.1322222455898381,0.4826256211881549
0,10,2,512,1024,2,0.128296695282521,0.5174427206092096
0,10,2,512,1024,3,0.1254413205612733,0.5027576507015199
0,10,2,512,1024,4,0.1483408484758333,0.4121793252375888
0,10,2,512,2048,0,0.1328970266559132,0.5019113615561211
0,10,2,512,2048,1,0.1399040873079616,0.4758659549251025
0,10,2,512,2048,2,0.1526050374318471,0.4586592717609716
0,10,2,512,2048,3,0.136322783371133,0.4603065080185446
0,10,2,512,2048,4,0.1368440872608724,0.4722156014299569
0,10,2,1024,16,0,0.1628433033664743,0.3776236330150688
0,10,2,1024,16,1,0.1480438268989842,0.4132217971307486
0,10,2,1024,16,2,0.1644439247889454,0.3504874332918267
0,10,2,1024,16,3,0.1636180327065078,0.3585306954299506
0,10,2,1024,16,4,0.1508919080618064,0.39567681492423
0,10,2,1024,32,0,0.1601527716402468,0.3865403489388602
0,10,2,1024,32,1,0.1576536540198824,0.3733505435585627
0,10,2,1024,32,2,0.1422269594092368,0.4428803255939263
0,10,2,1024,32,3,0.1505145729630274,0.3980150096936947
0,10,2,1024,32,4,0.1390690621782044,0.4631470245149671
0,10,2,1024,64,0,0.1424881319650663,0.4415780279660376
0,10,2,1024,64,1,0.1370260519945668,0.4856042593013816
0,10,2,1024,64,2,0.1395733672791276,0.4590997306187117
0,10,2,1024,64,3,0.1314538053858859,0.474635590010094
0,10,2,1024,64,4,0.1549176903113428,0.3978329143450179
0,10,2,1024,128,0,0.1489044425787486,0.4103003089883398
0,10,2,1024,128,1,0.1339181707106327,0.4632402442962257
0,10,2,1024,128,2,0.1371999955162314,0.4528091725676574
0,10,2,1024,128,3,0.1344489833807408,0.4681387740935143
0,10,2,1024,128,4,0.144363183163165,0.433312397943795
0,10,2,1024,256,0,0.1311161102531681,0.4754386368145764
0,10,2,1024,256,1,0.1270774661380906,0.4920186719935494
0,10,2,1024,256,2,0.1227290362228687,0.5200220725452528
0,10,2,1024,256,3,0.1352331741470991,0.4661155473088018
0,10,2,1024,256,4,0.1399372968060416,0.4429468548561697
0,10,2,1024,512,0,0.1121623039079585,0.5537327650005908
0,10,2,1024,512,1,0.1174187144170105,0.5418447437648456
0,10,2,1024,512,2,0.136110895668194,0.4862801408119205
0,10,2,1024,512,3,0.1252738977247398,0.5077692244275193
0,10,2,1024,512,4,0.1224381036176604,0.5183694749125894
0,10,2,1024,1024,0,0.1361941428855443,0.4754347083319145
0,10,2,1024,1024,1,0.1467210972340925,0.4387539846192685
0,10,2,1024,1024,2,0.1344098199364189,0.4695569795338417
0,10,2,1024,1024,3,0.1185446704963666,0.531211630027679
0,10,2,1024,1024,4,0.124476952591809,0.5063013152523055
0,10,2,1024,2048,0,0.1363225878428903,0.4582592372003026
0,10,2,1024,2048,1,0.1235969704243765,0.5214741764261793
0,10,2,1024,2048,2,0.124868941813313,0.5137088208243177
0,10,2,1024,2048,3,0.1365093834827788,0.4540499824557396
0,10,2,1024,2048,4,0.1524466525034766,0.3985504752264249
0,10,2,2048,16,0,0.1638502665570297,0.3447352405333684
0,10,2,2048,16,1,0.1632032390504291,0.3516554355650626
0,10,2,2048,16,2,0.1598342688498533,0.3630959889220917
0,10,2,2048,16,3,0.1503599434281191,0.3985963076292844
0,10,2,2048,16,4,0.153703830854863,0.3860988971487282
0,10,2,2048,32,0,0.1389813972498431,0.4441236159800784
0,10,2,2048,32,1,0.1513851103185499,0.3940371783640436
0,10,2,2048,32,2,0.1356355426486004,0.4583706095546304
0,10,2,2048,32,3,0.1435725196477488,0.4278745537149832
0,10,2,2048,32,4,0.1435701364258036,0.4249353297818322
0,10,2,2048,64,0,0.1446941341860375,0.4202517296736733
0,10,2,2048,64,1,0.1328642275253623,0.4778302501786831
0,10,2,2048,64,2,0.1370110952355051,0.4534818311204839
0,10,2,2048,64,3,0.1316640570857081,0.4755431231899294
0,10,2,2048,64,4,0.1301458718956736,0.4806629025162221
0,10,2,2048,128,0,0.1248736061285898,0.500236444084277
0,10,2,2048,128,1,0.1309130341374506,0.4780256644539802
0,10,2,2048,128,2,0.1328369020852736,0.4705169215426831
0,10,2,2048,128,3,0.1303795892282934,0.481388036602726
0,10,2,2048,128,4,0.1240261429812995,0.5031317067696854
0,10,2,2048,256,0,0.1209092780544758,0.5178049583026646
0,10,2,2048,256,1,0.1327993637374137,0.4697191905315974
0,10,2,2048,256,2,0.1156711284152442,0.5373700875193939
0,10,2,2048,256,3,0.1350211692791409,0.4610488199040184
0,10,2,2048,256,4,0.1124685001037415,0.5569687966863752
0,10,2,2048,512,0,0.129620311097898,0.4876790805054035
0,10,2,2048,512,1,0.1261988833895237,0.5013778831407942
0,10,2,2048,512,2,0.1267285032579875,0.5014693242009544
0,10,2,2048,512,3,0.137385300267412,0.4500085223225065
0,10,2,2048,512,4,0.1330398938623013,0.4684001344942984
0,10,2,2048,1024,0,0.1210129432512494,0.5140843620267825
0,10,2,2048,1024,1,0.1266236513927885,0.523083403587455
0,10,2,2048,1024,2,0.132080077509543,0.4812561232360938
0,10,2,2048,1024,3,0.1246617749479399,0.5042807049633455
0,10,2,2048,1024,4,0.1323297929565094,0.4850477977538079
0,10,2,2048,2048,0,0.1224422746283706,0.5122963225599276
0,10,2,2048,2048,1,0.1241163055304452,0.5037897722961321
0,10,2,2048,2048,2,0.1260218591594963,0.5050273388143969
0,10,2,2048,2048,3,0.1145287378005472,0.541618308674233
0,10,2,2048,2048,4,0.131832239246592,0.4868026846013563
0,10,10,16,16,0,6.170709428425301,0.2012984310899034
0,10,10,16,16,1,11.446519580556302,0.216840392031356
0,10,10,16,16,2,6.061624928852317,0.521815153378243
0,10,10,16,16,3,2.7512483722059566,0.5240991450376999
0,10,10,16,16,4,13.207598011809097,0.3188413529732936
0,10,10,16,32,0,5.15130715903679,-0.5874254973652377
0,10,10,16,32,1,3.318203404694976,0.6435644945685871
0,10,10,16,32,2,4.1592931472431305,0.5497353146851733
0,10,10,16,32,3,5.775158065973035,0.4360181868936899
0,10,10,16,32,4,10.742374759614687,0.2755115527007831
0,10,10,16,64,0,3.7951995845374222,0.3469083479327584
0,10,10,16,64,1,3.5072875486613,0.5805369962271691
0,10,10,16,64,2,8.567520169029644,0.3100627738766288
0,10,10,16,64,3,5.928800505429926,0.4846253626022349
0,10,10,16,64,4,19.06127638792352,0.4680939430793239
0,10,10,16,128,0,8.789623219845064,-0.0973140860312768
0,10,10,16,128,1,8.146761818729736,0.5727456043283434
0,10,10,16,128,2,1.6832623809689884,0.8156235392736597
0,10,10,16,128,3,6.012782028206235,0.3098240617663049
0,10,10,16,128,4,3.604430837439073,0.766253206052356
0,10,10,16,256,0,4.689640292124125,0.3902190384236199
0,10,10,16,256,1,1.442780019576765,0.3038317044516121
0,10,10,16,256,2,5.207447545298913,0.34731648085147
0,10,10,16,256,3,1.1778175025680704,0.8618838308988026
0,10,10,16,256,4,6.698981265551097,0.637120736719565
0,10,10,16,512,0,11.747570697435556,-0.0990712540068381
0,10,10,16,512,1,3.722539868771221,0.5587486695931307
0,10,10,16,512,2,0.9444705095771272,0.7533719077779986
0,10,10,16,512,3,5.247991542428508,0.4373020318107042
0,10,10,16,512,4,3.881183724043666,0.3995334056702515
0,10,10,16,1024,0,1.4370868583339864,0.9133622071766144
0,10,10,16,1024,1,11.35071587365853,0.1090173724814281
0,10,10,16,1024,2,1.0429175788583605,0.8406778166348114
0,10,10,16,1024,3,7.730366826003926,0.3400205468208191
0,10,10,16,1024,4,3.5174157486951807,0.5872514507760003
0,10,10,16,2048,0,2.254326363155331,0.8428603470629444
0,10,10,16,2048,1,6.413277142405383,0.7015415261002682
0,10,10,16,2048,2,1.6914995134800956,0.5440177345443451
0,10,10,16,2048,3,12.487702462297364,-0.1206904009047626
0,10,10,16,2048,4,2.4440216345548333,0.3269946345238825
0,10,10,32,16,0,6.289054886558204,0.3453059736370779
0,10,10,32,16,1,9.227994683380428,0.2170295990861245
0,10,10,32,16,2,4.74291715820133,0.4845447325294941
0,10,10,32,16,3,6.803152692136331,0.3385777618436825
0,10,10,32,16,4,7.721915470149328,0.2767358961962795
0,10,10,32,32,0,3.4168500953533893,0.5552422164531702
0,10,10,32,32,1,5.894235890760423,0.3166230616588127
0,10,10,32,32,2,8.802829656299815,0.6008908447875987
0,10,10,32,32,3,3.3123644675162884,0.6566595225326671
0,10,10,32,32,4,3.261447501708945,0.6793655178019695
0,10,10,32,64,0,7.495232277082039,0.5168557408190969
0,10,10,32,64,1,3.876930134093108,0.5547755332587363
0,10,10,32,64,2,2.724073483738471,0.4406647061493625
0,10,10,32,64,3,7.11315073272679,-0.0392249474832639
0,10,10,32,64,4,10.529968294752669,-0.0658025542361151
0,10,10,32,128,0,2.036482974684035,0.6731421605821863
0,10,10,32,128,1,5.5548156372412185,0.3084401983450918
0,10,10,32,128,2,4.253436092947846,0.5781993308765735
0,10,10,32,128,3,2.496168130644642,0.7977548634411751
0,10,10,32,128,4,5.266693890668032,0.6836179259114143
0,10,10,32,256,0,3.6038098496844952,0.4031155455177999
0,10,10,32,256,1,2.4770160300901747,0.8230715543455873
0,10,10,32,256,2,3.562311683682952,0.7105880740131765
0,10,10,32,256,3,4.885104964473996,0.7450766542617085
0,10,10,32,256,4,2.853574037472059,0.6631439059715417
0,10,10,32,512,0,2.983852859276228,0.7430980436503317
0,10,10,32,512,1,2.962934881349979,0.7937158941749923
0,10,10,32,512,2,2.306279481465641,0.6909933509431809
0,10,10,32,512,3,1.6142556087394384,0.7278554484044524
0,10,10,32,512,4,2.147080055527436,0.6130515476407052
0,10,10,32,1024,0,6.277262395864396,0.4196316124032646
0,10,10,32,1024,1,2.4837410375874125,0.7063134636970376
0,10,10,32,1024,2,5.1513859946377085,0.4876680435918238
0,10,10,32,1024,3,2.412468821566316,0.6404290863252604
0,10,10,32,1024,4,3.300236099161672,0.607942802392839
0,10,10,32,2048,0,3.788321049168992,0.374555293287547
0,10,10,32,2048,1,3.897246925912184,0.4590248896677473
0,10,10,32,2048,2,3.9666628727215376,0.4201076061124825
0,10,10,32,2048,3,2.370904176890816,0.8605824065623616
0,10,10,32,2048,4,2.211677545414819,0.8148577747378968
0,10,10,64,16,0,3.6991065311303473,0.7306618748305045
0,10,10,64,16,1,4.084787622957438,0.4381637654276706
0,10,10,64,16,2,4.3733719176076615,0.6582193074840718
0,10,10,64,16,3,5.41341691426801,0.2289365101358879
0,10,10,64,16,4,7.073722963676005,0.4166837551618381
0,10,10,64,32,0,3.7724249833793246,0.5147286725431407
0,10,10,64,32,1,2.7666335979539154,0.5382896943136769
0,10,10,64,32,2,5.845837668603262,0.4630832268726659
0,10,10,64,32,3,6.02497836706377,0.3628714075995632
0,10,10,64,32,4,1.9889339112569573,0.6938799166779704
0,10,10,64,64,0,3.370665078736502,0.6290857946276739
0,10,10,64,64,1,4.111089931338202,0.6074133560120953
0,10,10,64,64,2,3.2139565019146668,0.637950580209798
0,10,10,64,64,3,6.688563947343516,0.3365485286360113
0,10,10,64,64,4,5.003043960449099,0.5405152549270387
0,10,10,64,128,0,2.1416702784645185,0.6736098306889453
0,10,10,64,128,1,5.361179317079966,0.582769237622414
0,10,10,64,128,2,3.103321607147147,0.683970925546049
0,10,10,64,128,3,3.465557190858336,0.6032091777406798
0,10,10,64,128,4,3.5805981748897957,0.6783896640754319
0,10,10,64,256,0,3.67516218477864,0.6062924172594686
0,10,10,64,256,1,3.431403285949123,0.5184315242887598
0,10,10,64,256,2,3.486380651732582,0.4681828069688991
0,10,10,64,256,3,4.413806112408514,0.5173461077289723
0,10,10,64,256,4,5.176943380296295,0.2538002407986282
0,10,10,64,512,0,4.4372155102864985,0.6268721580048516
0,10,10,64,512,1,2.923712529940402,0.7045562218019286
0,10,10,64,512,2,4.095885992050617,0.6838022847285996
0,10,10,64,512,3,2.038957685678332,0.7772282800633157
0,10,10,64,512,4,4.3009331322445385,0.6682696627457678
0,10,10,64,1024,0,4.2080907449935046,0.6173636865273477
0,10,10,64,1024,1,2.482102949519062,0.7291469045564658
0,10,10,64,1024,2,3.477548026122245,0.6589973127864945
0,10,10,64,1024,3,3.274922727649152,0.629437876087882
0,10,10,64,1024,4,5.338618087390625,0.6381341432767658
0,10,10,64,2048,0,3.425163523182792,0.6560734455462172
0,10,10,64,2048,1,5.558056880625774,0.5635217336471012
0,10,10,64,2048,2,3.803295405596212,0.6261828326049821
0,10,10,64,2048,3,3.591656803981816,0.7119371747064426
0,10,10,64,2048,4,7.413283075266564,0.3207304514274725
0,10,10,128,16,0,4.117115173891957,0.410827151044778
0,10,10,128,16,1,4.294474129960681,0.4472561444033561
0,10,10,128,16,2,6.5870286317623865,0.4233749176210037
0,10,10,128,16,3,5.076372033468028,0.3966552214232465
0,10,10,128,16,4,4.79756815153794,0.5049487709007112
0,10,10,128,32,0,4.25394460265113,0.5475305779658872
0,10,10,128,32,1,4.12166508627584,0.4747648131782859
0,10,10,128,32,2,4.298832138486844,0.5339765170205477
0,10,10,128,32,3,4.2981952818942455,0.5325215611338705
0,10,10,128,32,4,5.086553620396975,0.4566252048832998
0,10,10,128,64,0,4.136926985157521,0.4965353367732897
0,10,10,128,64,1,3.4129699297146616,0.6642573464232291
0,10,10,128,64,2,6.304540327076317,0.3451369881411847
0,10,10,128,64,3,2.469510518738263,0.7083866128086207
0,10,10,128,64,4,3.942887086444032,0.4975150153683239
0,10,10,128,128,0,3.968031939948248,0.4187907505719015
0,10,10,128,128,1,4.965169574025623,0.3609127315514462
0,10,10,128,128,2,2.367615863368895,0.6142638769412098
0,10,10,128,128,3,3.074540461466965,0.7228072540497896
0,10,10,128,128,4,3.3107731520805874,0.5525285331299774
0,10,10,128,256,0,2.449478833017979,0.7650129241057877
0,10,10,128,256,1,2.712276539141817,0.6678929203613486
0,10,10,128,256,2,3.6535070504758496,0.7056467967973288
0,10,10,128,256,3,4.022108923340942,0.5792571457870181
0,10,10,128,256,4,3.337796207578882,0.6594203693492231
0,10,10,128,512,0,2.4818887247353496,0.7044159808727466
0,10,10,128,512,1,2.6220136740821185,0.7371941529581292
0,10,10,128,512,2,2.5959698630101533,0.6609009570024765
0,10,10,128,512,3,3.9443849009171386,0.5237540210652527
0,10,10,128,512,4,2.3590868397317486,0.6928604013695903
0,10,10,128,1024,0,3.425387611146869,0.6464727247787072
0,10,10,128,1024,1,2.85395475442015,0.5770574486577209
0,10,10,128,1024,2,3.2071840607567346,0.5972031168767205
0,10,10,128,1024,3,1.6441950725313357,0.8050318966327773
0,10,10,128,1024,4,2.6154685871734404,0.6788086583014508
0,10,10,128,2048,0,4.072057250986271,0.5709885855910509
0,10,10,128,2048,1,3.0733178430795247,0.6084971901643104
0,10,10,128,2048,2,4.127696268921305,0.584830561313261
0,10,10,128,2048,3,2.6209238336638743,0.7396518737998022
0,10,10,128,2048,4,1.8561942191280707,0.8002138995464019
0,10,10,256,16,0,4.227065959933663,0.5221292757562266
0,10,10,256,16,1,5.141224821827199,0.4494578041209983
0,10,10,256,16,2,4.096084195981151,0.4877312722206514
0,10,10,256,16,3,5.750559422141899,0.4051596401019479
0,10,10,256,16,4,5.380786947057269,0.3632194227211665
0,10,10,256,32,0,4.352803069013226,0.505717756930272
0,10,10,256,32,1,4.574720216318152,0.4414574254243358
0,10,10,256,32,2,4.153798130606345,0.4224962009507835
0,10,10,256,32,3,3.370247175022377,0.628873309043223
0,10,10,256,32,4,3.801623077741129,0.6066163074165802
0,10,10,256,64,0,2.9100138982849395,0.6761146376051645
0,10,10,256,64,1,3.990745415748069,0.5260143423801289
0,10,10,256,64,2,3.065325211802473,0.6278259304288307
0,10,10,256,64,3,5.130993451474607,0.4389894131415622
0,10,10,256,64,4,3.576078727684278,0.5449733561294356
0,10,10,256,128,0,3.9757146183941208,0.5680584682578409
0,10,10,256,128,1,4.0228548389857615,0.4328706379266108
0,10,10,256,128,2,2.553532180434806,0.6791915318488564
0,10,10,256,128,3,3.915658600136501,0.5672115797933099
0,10,10,256,128,4,2.6641689278175806,0.6848528411589306
0,10,10,256,256,0,2.94714368706914,0.6977715891814992
0,10,10,256,256,1,3.4357625508764644,0.6085915355700853
0,10,10,256,256,2,3.689044998270681,0.5693378339447455
0,10,10,256,256,3,3.495646684500024,0.5802930865778464
0,10,10,256,256,4,3.74491269917026,0.6175036196573336
0,10,10,256,512,0,2.7482835617263177,0.6886205301675649
0,10,10,256,512,1,2.420038936173614,0.6654993785349033
0,10,10,256,512,2,2.7370037039418915,0.651826208856136
0,10,10,256,512,3,3.173390752019841,0.623989905114433
0,10,10,256,512,4,3.1898284072170977,0.6457070370219931
0,10,10,256,1024,0,2.854984622757712,0.6581042889905511
0,10,10,256,1024,1,2.7787246212238585,0.6535624483425444
0,10,10,256,1024,2,2.688511051428167,0.6897062682661921
0,10,10,256,1024,3,3.575764157334502,0.5823294511412296
0,10,10,256,1024,4,2.718924070762648,0.7135547800646969
0,10,10,256,2048,0,2.946589892605717,0.6124490932565847
0,10,10,256,2048,1,2.775102141064133,0.6793122572969115
0,10,10,256,2048,2,3.305717225005067,0.5934300762145224
0,10,10,256,2048,3,3.748076589892619,0.6191401788745051
0,10,10,256,2048,4,2.8597646461646726,0.6595893188649098
0,10,10,512,16,0,4.246666503898526,0.4742359366267342
0,10,10,512,16,1,4.166462354543721,0.4910390409306393
0,10,10,512,16,2,5.348326717476924,0.385288873381379
0,10,10,512,16,3,4.702595298585129,0.4099445623315217
0,10,10,512,16,4,4.74752810323355,0.4289483766381686
0,10,10,512,32,0,3.720045074060672,0.5213367795744847
0,10,10,512,32,1,4.425443041394378,0.4800038686096051
0,10,10,512,32,2,3.3518250862744896,0.6005929993543058
0,10,10,512,32,3,4.006138890145594,0.56098763789671
0,10,10,512,32,4,4.104267849193128,0.5104648008762771
0,10,10,512,64,0,3.2474916174938877,0.6014713498946738
0,10,10,512,64,1,3.575128084313679,0.5855067902445651
0,10,10,512,64,2,3.068510981866268,0.6171392131000406
0,10,10,512,64,3,4.116440293638656,0.5508834472042068
0,10,10,512,64,4,3.577127728474668,0.5623543814071237
0,10,10,512,128,0,3.2482742171014034,0.6114773964723242
0,10,10,512,128,1,3.2922397709607667,0.5848048610617835
0,10,10,512,128,2,2.884621844557566,0.6643991233108928
0,10,10,512,128,3,2.751172138013902,0.6267302543701512
0,10,10,512,128,4,2.672060650183556,0.6770060040498025
0,10,10,512,256,0,3.213555447007063,0.5726432616550696
0,10,10,512,256,1,3.3165798819550574,0.5876982546189222
0,10,10,512,256,2,2.6755529920126904,0.7065326983611009
0,10,10,512,256,3,3.1705983927543446,0.614062399823005
0,10,10,512,256,4,3.1061315666347853,0.5949615874261127
0,10,10,512,512,0,2.918091913154904,0.6542758515028804
0,10,10,512,512,1,2.6133242732322426,0.7254629830882005
0,10,10,512,512,2,3.308283165188484,0.6292772058709742
0,10,10,512,512,3,2.759742095356281,0.6873775364459646
0,10,10,512,512,4,2.815880463951742,0.650538687443049
0,10,10,512,1024,0,3.352594068829859,0.6161829675675403
0,10,10,512,1024,1,2.503129012879131,0.6809489238461979
0,10,10,512,1024,2,2.982031996273753,0.6772801275227711
0,10,10,512,1024,3,2.438938565049745,0.7154350128690219
0,10,10,512,1024,4,3.093675082838599,0.6810402492291863
0,10,10,512,2048,0,2.41739095922029,0.7183863098821346
0,10,10,512,2048,1,2.80333363085035,0.692526826361067
0,10,10,512,2048,2,2.9508175343972325,0.6439711309906162
0,10,10,512,2048,3,3.285461418571037,0.6275609756051685
0,10,10,512,2048,4,2.478425163494536,0.6967695624842813
0,10,10,1024,16,0,4.822958106118377,0.4409654854242305
0,10,10,1024,16,1,4.601235282064476,0.4448222256720762
0,10,10,1024,16,2,5.111936459232574,0.382718401949773
0,10,10,1024,16,3,5.053878945196201,0.4154254987987238
0,10,10,1024,16,4,4.222787603301308,0.4369793376227241
0,10,10,1024,32,0,3.991479201015416,0.5295052611155622
0,10,10,1024,32,1,4.20250657600328,0.5115017741309766
0,10,10,1024,32,2,3.715932339311052,0.5713814336181472
0,10,10,1024,32,3,3.899538720581578,0.5396931199761503
0,10,10,1024,32,4,3.890594506574669,0.5536962834801045
0,10,10,1024,64,0,3.3077033452766766,0.6107919816476697
0,10,10,1024,64,1,3.081933681609383,0.6391764536172909
0,10,10,1024,64,2,3.1121727747612966,0.6157567229928624
0,10,10,1024,64,3,3.11986469373814,0.6033272288128415
0,10,10,1024,64,4,3.1480032594075373,0.6173419733526966
0,10,10,1024,128,0,3.0299567533412906,0.621937947141198
0,10,10,1024,128,1,3.096957373564164,0.6310786476313559
0,10,10,1024,128,2,3.014460888489449,0.6231394369826795
0,10,10,1024,128,3,2.9381366383528214,0.6670179833786796
0,10,10,1024,128,4,2.6355899274691748,0.6712034246245242
0,10,10,1024,256,0,3.162676134479815,0.64190101795609
0,10,10,1024,256,1,2.9849172653623777,0.6433428248475905
0,10,10,1024,256,2,2.9808389242555524,0.6143953095061738
0,10,10,1024,256,3,3.130425176775552,0.6610928377402276
0,10,10,1024,256,4,2.8222673287825057,0.6758328100727851
0,10,10,1024,512,0,2.958449360421616,0.6498526388510464
0,10,10,1024,512,1,3.001522844283413,0.6611688558318967
0,10,10,1024,512,2,3.051976769885351,0.6350910351664297
0,10,10,1024,512,3,2.571607338764561,0.6628558670175606
0,10,10,1024,512,4,3.12075282569206,0.6512365697802412
0,10,10,1024,1024,0,2.635120054974859,0.6704503452258583
0,10,10,1024,1024,1,2.6950149025258314,0.6849290149505078
0,10,10,1024,1024,2,2.874392377435877,0.6741773643781681
0,10,10,1024,1024,3,2.99317252909559,0.6488954324747134
0,10,10,1024,1024,4,3.0777318651394925,0.6185723855136526
0,10,10,1024,2048,0,3.205666092621276,0.6476640605917574
0,10,10,1024,2048,1,2.714480821085094,0.6985653668998046
0,10,10,1024,2048,2,3.0269796594098737,0.6354558153634666
0,10,10,1024,2048,3,2.7463228623083493,0.6455732436556618
0,10,10,1024,2048,4,3.029592768274675,0.6521101358890093
0,10,10,2048,16,0,4.183285980475342,0.487088714725756
0,10,10,2048,16,1,4.022550150546129,0.4879975887007201
0,10,10,2048,16,2,4.661674748877316,0.4205755633788423
0,10,10,2048,16,3,4.466026786222907,0.4869052701516561
0,10,10,2048,16,4,4.806938960337697,0.4224155685633913
0,10,10,2048,32,0,3.8126276579211376,0.5327794969849198
0,10,10,2048,32,1,3.578116458923956,0.5868876378783772
0,10,10,2048,32,2,3.658458199199152,0.5477712549413956
0,10,10,2048,32,3,3.933981941737671,0.5178485916922126
0,10,10,2048,32,4,3.701376328279075,0.5737169480110191
0,10,10,2048,64,0,3.252059043642709,0.619680522522438
0,10,10,2048,64,1,3.2087320199864413,0.5999515617101607
0,10,10,2048,64,2,3.326079073858126,0.5978954367573202
0,10,10,2048,64,3,3.1310950135769016,0.6345240413922948
0,10,10,2048,64,4,3.315170110568024,0.5993615764159653
0,10,10,2048,128,0,3.1398639855738657,0.6286394476006221
0,10,10,2048,128,1,2.8434029145894044,0.6556347205284213
0,10,10,2048,128,2,2.948662101831883,0.6507144022436124
0,10,10,2048,128,3,3.01394002904701,0.6252798603013341
0,10,10,2048,128,4,2.973194900236681,0.6577335716574242
0,10,10,2048,256,0,2.9181587825423736,0.6641774025606677
0,10,10,2048,256,1,3.002659792256728,0.6322152514066423
0,10,10,2048,256,2,2.931868101703728,0.6504907753601061
0,10,10,2048,256,3,2.878015586896763,0.6709140434514095
0,10,10,2048,256,4,2.76869807189223,0.65946773738101
0,10,10,2048,512,0,2.7636906507776104,0.6651252168250207
0,10,10,2048,512,1,2.7634809099550752,0.656902367128827
0,10,10,2048,512,2,2.935563362134081,0.6427986790064779
0,10,10,2048,512,3,2.9864805213269467,0.656272044538966
0,10,10,2048,512,4,2.737508363445744,0.6830145644945298
0,10,10,2048,1024,0,2.744968241865624,0.6730512063608504
0,10,10,2048,1024,1,2.4808252443687677,0.7205218127077284
0,10,10,2048,1024,2,2.9551582945571946,0.643507086243702
0,10,10,2048,1024,3,2.765503551455677,0.6702709636713364
0,10,10,2048,1024,4,2.5045787110263324,0.7005842693559471
0,10,10,2048,2048,0,2.630535652194837,0.7035603122341468
0,10,10,2048,2048,1,2.852867805337917,0.6750387336173415
0,10,10,2048,2048,2,2.919416939339136,0.6642130790707499
0,10,10,2048,2048,3,2.8787639748427005,0.6622661757268822
0,10,10,2048,2048,4,2.773181948610889,0.6687054567052647
